nameWithOwner,url,stargazers,mentionableUsers,openIssues,commitsCount,clossedIssues,pullrequestsCount,language,TipadaOuNaoTipada,CommitsPerPullrequests,CycleComplexity,CodeSmell,medianBugFixTime,total_issues
iluwatar/java-design-patterns,https://github.com/iluwatar/java-design-patterns,81599,342,0,3454.0,101.0,1648.0,Java,Tipada,2.095873786407767,5507,702,351.1955555555556,101.0
macrozheng/mall,https://github.com/macrozheng/mall,65927,1,0,951.0,0.0,106.0,Java,Tipada,8.971698113207546,13922,1620,0.0,0.0
TheAlgorithms/Java,https://github.com/TheAlgorithms/Java,51729,552,1,1852.0,24.0,3092.0,Java,Tipada,0.5989650711513583,6363,2090,230.7472222222222,25.0
ReactiveX/RxJava,https://github.com/ReactiveX/RxJava,46983,310,0,6028.0,265.0,3775.0,Java,Tipada,1.5968211920529802,4484,469,16.585416666666667,265.0
square/retrofit,https://github.com/square/retrofit,41488,197,5,2051.0,23.0,1182.0,Java,Tipada,1.7351945854483926,3465,669,553.0088888888889,28.0
NationalSecurityAgency/ghidra,https://github.com/NationalSecurityAgency/ghidra,39276,236,0,9422.0,601.0,1041.0,Java,Tipada,9.050912584053794,316618,73274,436.8919444444445,601.0
apache/dubbo,https://github.com/apache/dubbo,38848,541,0,6695.0,553.0,6015.0,Java,Tipada,1.113050706566916,41348,8699,70.11444444444444,553.0
PhilJay/MPAndroidChart,https://github.com/PhilJay/MPAndroidChart,36415,72,22,2070.0,60.0,493.0,Java,Tipada,4.198782961460446,4762,814,190.93888888888887,82.0
jeecgboot/jeecg-boot,https://github.com/jeecgboot/jeecg-boot,34503,13,0,903.0,0.0,185.0,Java,Tipada,4.881081081081081,11629,4927,0.0,0.0
skylot/jadx,https://github.com/skylot/jadx,34413,92,155,1974.0,399.0,442.0,Java,Tipada,4.46606334841629,23735,2095,44.67625,554.0
airbnb/lottie-android,https://github.com/airbnb/lottie-android,33865,156,0,1500.0,0.0,690.0,Java,Tipada,2.1739130434782608,4762,416,0.0,0.0
bumptech/glide,https://github.com/bumptech/glide,33572,147,49,2858.0,399.0,833.0,Java,Tipada,3.430972388955582,12026,2602,124.64583333333331,448.0
Blankj/AndroidUtilCode,https://github.com/Blankj/AndroidUtilCode,32105,39,177,1430.0,165.0,213.0,Java,Tipada,6.713615023474178,9332,1476,121.13138888888888,342.0
dbeaver/dbeaver,https://github.com/dbeaver/dbeaver,31881,262,643,24192.0,6649.0,4014.0,Java,Tipada,6.026905829596412,92988,23136,120.38388888888888,7292.0
netty/netty,https://github.com/netty/netty,31146,625,0,11144.0,1286.0,7106.0,Java,Tipada,1.5682521812552772,53746,7171,73.44416666666666,1286.0
zxing/zxing,https://github.com/zxing/zxing,31011,116,3,3689.0,46.0,349.0,Java,Tipada,10.570200573065902,9869,11939,32.04611111111111,49.0
xkcoding/spring-boot-demo,https://github.com/xkcoding/spring-boot-demo,29376,9,22,734.0,16.0,78.0,Java,Tipada,9.41025641025641,1314,590,15.575,38.0
apolloconfig/apollo,https://github.com/apolloconfig/apollo,28019,141,3,2836.0,17.0,1615.0,Java,Tipada,1.7560371517027864,6568,1188,193.5377777777778,20.0
alibaba/easyexcel,https://github.com/alibaba/easyexcel,27661,66,66,1048.0,583.0,367.0,Java,Tipada,2.8555858310626703,4125,1528,429.2604166666666,649.0
halo-dev/halo,https://github.com/halo-dev/halo,27108,100,0,4242.0,0.0,1380.0,Java,Tipada,3.0739130434782607,5401,844,0.0,0.0
crossoverJie/JCSprout,https://github.com/crossoverJie/JCSprout,26961,23,2,709.0,9.0,114.0,Java,Tipada,6.219298245614035,633,458,18.740277777777777,11.0
alibaba/druid,https://github.com/alibaba/druid,26826,215,80,6833.0,325.0,1331.0,Java,Tipada,5.133734034560481,66323,22877,285.97652777777773,405.0
SeleniumHQ/selenium,https://github.com/SeleniumHQ/selenium,26487,678,0,29630.0,3.0,2903.0,Java,Tipada,10.206682741991044,21546,6369,51.505,3.0
alibaba/nacos,https://github.com/alibaba/nacos,26264,314,0,4559.0,0.0,3292.0,Java,Tipada,1.384872417982989,27281,6038,0.0,0.0
dromara/hutool,https://github.com/dromara/hutool,26188,245,0,4582.0,309.0,756.0,Java,Tipada,6.060846560846561,27792,4207,23.66180555555556,309.0
qiurunze123/miaosha,https://github.com/qiurunze123/miaosha,25875,9,0,248.0,0.0,69.0,Java,Tipada,3.5942028985507246,5958,3146,0.0,0.0
lenve/vhr,https://github.com/lenve/vhr,25857,2,0,159.0,0.0,76.0,Java,Tipada,2.0921052631578947,1044,171,0.0,0.0
alibaba/canal,https://github.com/alibaba/canal,25637,194,3,1557.0,158.0,615.0,Java,Tipada,2.5317073170731708,17153,3035,929.947361111111,161.0
JakeWharton/butterknife,https://github.com/JakeWharton/butterknife,25624,97,0,1016.0,10.0,491.0,Java,Tipada,2.069246435845214,1275,499,290.4508333333333,10.0
wuyouzhuguli/SpringAll,https://github.com/wuyouzhuguli/SpringAll,25502,3,0,140.0,0.0,22.0,Java,Tipada,6.363636363636363,2291,785,0.0,0.0
alibaba/spring-cloud-alibaba,https://github.com/alibaba/spring-cloud-alibaba,25502,166,3,2434.0,42.0,1206.0,Java,Tipada,2.0182421227197347,3175,524,139.34333333333333,45.0
alibaba/fastjson,https://github.com/alibaba/fastjson,25316,179,57,3982.0,222.0,853.0,Java,Tipada,4.668229777256741,32588,19228,603.0423611111112,279.0
proxyee-down-org/proxyee-down,https://github.com/proxyee-down-org/proxyee-down,25061,9,0,475.0,0.0,35.0,Java,Tipada,13.571428571428571,1113,183,0.0,0.0
apache/kafka,https://github.com/apache/kafka,24835,1024,0,11140.0,0.0,13713.0,Java,Tipada,0.8123678261503683,105400,15837,0.0,0.0
greenrobot/EventBus,https://github.com/greenrobot/EventBus,24337,22,1,550.0,7.0,131.0,Java,Tipada,4.198473282442748,867,234,3047.5002777777777,8.0
xuxueli/xxl-job,https://github.com/xuxueli/xxl-job,24212,57,0,1723.0,1.0,428.0,Java,Tipada,4.025700934579439,7853,3165,2251.858888888889,1.0
scwang90/SmartRefreshLayout,https://github.com/scwang90/SmartRefreshLayout,24173,8,20,1127.0,32.0,27.0,Java,Tipada,41.74074074074074,3846,1022,118.48013888888887,52.0
TeamNewPipe/NewPipe,https://github.com/TeamNewPipe/NewPipe,23608,788,453,10698.0,1920.0,1964.0,Java,Tipada,5.44704684317719,10507,601,357.23513888888886,2373.0
signalapp/Signal-Android,https://github.com/signalapp/Signal-Android,23589,306,0,12247.0,0.0,2674.0,Java,Tipada,4.580029917726253,66945,5946,0.0,0.0
Netflix/Hystrix,https://github.com/Netflix/Hystrix,23347,663,7,2109.0,73.0,805.0,Java,Tipada,2.619875776397516,7346,2746,870.3719444444445,80.0
google/gson,https://github.com/google/gson,22085,156,58,1815.0,73.0,796.0,Java,Tipada,2.280150753768844,4630,1175,440.0733333333333,131.0
DrKLO/Telegram,https://github.com/DrKLO/Telegram,22033,16,0,499.0,0.0,603.0,Java,Tipada,0.8275290215588723,237695,46313,0.0,0.0
apache/skywalking,https://github.com/apache/skywalking,21743,453,8,7582.0,908.0,4685.0,Java,Tipada,1.6183564567769475,12911,3315,0.6776388888888889,916.0
libgdx/libgdx,https://github.com/libgdx/libgdx,21457,549,45,15223.0,350.0,3502.0,Java,Tipada,4.346944603083952,64887,49774,3552.2904166666667,395.0
termux/termux-app,https://github.com/termux/termux-app,21442,75,0,1428.0,301.0,309.0,Java,Tipada,4.621359223300971,5576,934,1.56875,301.0
apache/flink,https://github.com/apache/flink,21181,1146,0,33264.0,0.0,22562.0,Java,Tipada,1.4743373814378158,226444,33710,0.0,0.0
redisson/redisson,https://github.com/redisson/redisson,21079,124,4,7932.0,927.0,553.0,Java,Tipada,14.343580470162747,42627,10344,74.76416666666665,931.0
alibaba/Sentinel,https://github.com/alibaba/Sentinel,20919,191,0,803.0,0.0,977.0,Java,Tipada,0.8219037871033776,12250,2104,0.0,0.0
bazelbuild/bazel,https://github.com/bazelbuild/bazel,20755,889,0,35791.0,2966.0,6505.0,Java,Tipada,5.502075326671791,119233,28885,184.82291666666669,2966.0
jenkinsci/jenkins,https://github.com/jenkinsci/jenkins,20733,1321,0,33649.0,0.0,7942.0,Java,Tipada,4.2368421052631575,37136,10469,0.0,0.0
google/ExoPlayer,https://github.com/google/ExoPlayer,20688,242,142,15057.0,1128.0,1179.0,Java,Tipada,12.770992366412214,50472,17485,467.6979166666666,1270.0
ReactiveX/RxAndroid,https://github.com/ReactiveX/RxAndroid,19779,92,0,543.0,0.0,238.0,Java,Tipada,2.2815126050420167,175,25,0.0,0.0
elunez/eladmin,https://github.com/elunez/eladmin,19682,53,2,509.0,5.0,160.0,Java,Tipada,3.18125,1446,356,23.08222222222222,7.0
didi/DoKit,https://github.com/didi/DoKit,19444,106,10,2314.0,12.0,448.0,Java,Tipada,5.165178571428571,22730,3724,496.4548611111112,22.0
apache/rocketmq,https://github.com/apache/rocketmq,19191,473,0,8078.0,201.0,3284.0,Java,Tipada,2.4598051157125456,32794,6134,79.1238888888889,201.0
EnterpriseQualityCoding/FizzBuzzEnterpriseEdition,https://github.com/EnterpriseQualityCoding/FizzBuzzEnterpriseEdition,18916,31,1,184.0,0.0,130.0,Java,Tipada,1.4153846153846157,137,134,0.0,1.0
oracle/graal,https://github.com/oracle/graal,18539,1401,343,74124.0,1137.0,2902.0,Java,Tipada,25.542384562370778,288570,40401,227.65138888888885,1480.0
CarGuo/GSYVideoPlayer,https://github.com/CarGuo/GSYVideoPlayer,18522,20,0,1489.0,0.0,56.0,Java,Tipada,26.589285714285715,6292,1137,0.0,0.0
Baseflow/PhotoView,https://github.com/Baseflow/PhotoView,18505,43,3,462.0,36.0,153.0,Java,Tipada,3.019607843137255,339,38,1195.496666666667,39.0
mybatis/mybatis-3,https://github.com/mybatis/mybatis-3,18462,206,4,4617.0,125.0,1618.0,Java,Tipada,2.853522867737948,9374,1351,58.30819444444444,129.0
apache/shardingsphere,https://github.com/apache/shardingsphere,18338,516,0,38611.0,1035.0,16302.0,Java,Tipada,2.368482394798184,39573,6554,24.62736111111111,1035.0
brettwooldridge/HikariCP,https://github.com/brettwooldridge/HikariCP,18143,127,0,2835.0,106.0,398.0,Java,Tipada,7.123115577889447,1968,448,17.43486111111111,106.0
linlinjava/litemall,https://github.com/linlinjava/litemall,17972,58,1,1181.0,4.0,173.0,Java,Tipada,6.826589595375722,19911,3479,1453.0959722222224,5.0
Anuken/Mindustry,https://github.com/Anuken/Mindustry,17851,519,0,16333.0,2574.0,4767.0,Java,Tipada,3.4262638976295365,26322,10604,5.289583333333333,2574.0
dianping/cat,https://github.com/dianping/cat,17724,89,0,7410.0,2.0,1068.0,Java,Tipada,6.938202247191011,59573,32895,3323.803888888889,2.0
forezp/SpringCloudLearning,https://github.com/forezp/SpringCloudLearning,17284,1,0,72.0,0.0,13.0,Java,Tipada,5.538461538461538,645,701,0.0,0.0
nostra13/Android-Universal-Image-Loader,https://github.com/nostra13/Android-Universal-Image-Loader,16806,38,15,1038.0,74.0,152.0,Java,Tipada,6.828947368421052,1383,198,539.8940277777779,89.0
Tencent/tinker,https://github.com/Tencent/tinker,16758,36,32,815.0,59.0,153.0,Java,Tipada,5.326797385620915,8601,1669,570.2727777777778,91.0
yudaocode/SpringBoot-Labs,https://github.com/yudaocode/SpringBoot-Labs,16750,4,2,678.0,4.0,29.0,Java,Tipada,23.379310344827587,4719,2044,74.8963888888889,6.0
shuzheng/zheng,https://github.com/shuzheng/zheng,16499,9,0,1241.0,0.0,135.0,Java,Tipada,9.192592592592591,7072,2490,0.0,0.0
iBotPeaches/Apktool,https://github.com/iBotPeaches/Apktool,16231,94,46,1929.0,170.0,387.0,Java,Tipada,4.984496124031008,2643,604,2236.58375,216.0
openzipkin/zipkin,https://github.com/openzipkin/zipkin,16158,161,48,2727.0,150.0,2188.0,Java,Tipada,1.2463436928702012,9076,2503,144.49930555555557,198.0
LMAX-Exchange/disruptor,https://github.com/LMAX-Exchange/disruptor,15955,65,0,1324.0,7.0,157.0,Java,Tipada,8.433121019108281,2200,606,115.21444444444444,7.0
keycloak/keycloak,https://github.com/keycloak/keycloak,15919,877,0,21916.0,0.0,11448.0,Java,Tipada,1.9143955276030749,107402,20260,0.0,0.0
JeffLi1993/springboot-learning-example,https://github.com/JeffLi1993/springboot-learning-example,15434,3,0,168.0,0.0,65.0,Java,Tipada,2.5846153846153848,665,147,0.0,0.0
android10/Android-CleanArchitecture,https://github.com/android10/Android-CleanArchitecture,15328,11,0,248.0,1.0,58.0,Java,Tipada,4.275862068965517,418,42,659.9133333333333,1.0
Tencent/APIJSON,https://github.com/Tencent/APIJSON,15218,60,0,3060.0,0.0,120.0,Java,Tipada,25.5,3670,1301,0.0,0.0
dyc87112/SpringBoot-Learning,https://github.com/dyc87112/SpringBoot-Learning,15138,1,0,495.0,0.0,40.0,Java,Tipada,12.375,674,339,0.0,0.0
medcl/elasticsearch-analysis-ik,https://github.com/medcl/elasticsearch-analysis-ik,15064,36,0,259.0,0.0,105.0,Java,Tipada,2.466666666666667,545,86,0.0,0.0
material-components/material-components-android,https://github.com/material-components/material-components-android,14920,182,212,5202.0,1511.0,544.0,Java,Tipada,9.5625,21065,2113,58.013888888888886,1723.0
justauth/JustAuth,https://github.com/justauth/JustAuth,14728,34,3,711.0,12.0,69.0,Java,Tipada,10.304347826086955,1072,308,885.5702777777778,15.0
williamfiset/Algorithms,https://github.com/williamfiset/Algorithms,14687,50,2,1603.0,3.0,204.0,Java,Tipada,7.857843137254902,7159,2672,697.4025,5.0
baomidou/mybatis-plus,https://github.com/baomidou/mybatis-plus,14472,140,0,5313.0,2.0,725.0,Java,Tipada,7.328275862068965,5650,1007,490.6301388888889,2.0
hdodenhof/CircleImageView,https://github.com/hdodenhof/CircleImageView,14415,14,1,160.0,2.0,58.0,Java,Tipada,2.7586206896551726,74,2,2151.6784722222224,3.0
antlr/antlr4,https://github.com/antlr/antlr4,14391,312,0,9107.0,150.0,1943.0,Java,Tipada,4.687081832218219,21391,5689,811.0045833333334,150.0
android-hacker/VirtualXposed,https://github.com/android-hacker/VirtualXposed,14342,38,6,1661.0,20.0,70.0,Java,Tipada,23.728571428571428,8013,3821,9455.994583333331,26.0
alibaba/ARouter,https://github.com/alibaba/ARouter,14178,22,1,301.0,2.0,151.0,Java,Tipada,1.9933774834437088,699,177,5091.011527777779,3.0
Tencent/QMUI_Android,https://github.com/Tencent/QMUI_Android,14049,25,16,1007.0,26.0,39.0,Java,Tipada,25.82051282051282,12756,1366,453.8863888888889,42.0
mockito/mockito,https://github.com/mockito/mockito,13920,272,9,5923.0,66.0,1498.0,Java,Tipada,3.9539385847797055,8315,3055,219.3798611111111,75.0
YunaiV/ruoyi-vue-pro,https://github.com/YunaiV/ruoyi-vue-pro,13816,138,0,4085.0,59.0,52.0,Java,Tipada,78.5576923076923,21883,3750,224.5975,59.0
Konloch/bytecode-viewer,https://github.com/Konloch/bytecode-viewer,13709,40,40,1153.0,47.0,139.0,Java,Tipada,8.29496402877698,4318,1443,6500.0725,87.0
thingsboard/thingsboard,https://github.com/thingsboard/thingsboard,13597,161,265,13837.0,590.0,3544.0,Java,Tipada,3.904345372460496,62219,8385,456.5236111111111,855.0
orhanobut/logger,https://github.com/orhanobut/logger,13580,11,3,146.0,10.0,62.0,Java,Tipada,2.3548387096774195,247,23,1193.2444444444443,13.0
lgvalle/Material-Animations,https://github.com/lgvalle/Material-Animations,13565,9,0,76.0,0.0,24.0,Java,Tipada,3.1666666666666665,140,25,0.0,0.0
ben-manes/caffeine,https://github.com/ben-manes/caffeine,13549,57,0,1672.0,1.0,239.0,Java,Tipada,6.99581589958159,14544,3331,16055.336944444443,1.0
eclipse-vertx/vert.x,https://github.com/eclipse-vertx/vert.x,13535,244,57,5657.0,414.0,2150.0,Java,Tipada,2.6311627906976742,27652,4655,62.59555555555556,471.0
arduino/Arduino,https://github.com/arduino/Arduino,13526,263,0,7375.0,857.0,1494.0,Java,Tipada,4.936412315930388,6441,1777,23.64555555555556,857.0
apache/hadoop,https://github.com/apache/hadoop,13486,548,0,26612.0,0.0,5638.0,Java,Tipada,4.720113515431004,256001,55641,0.0,0.0
elastic/logstash,https://github.com/elastic/logstash,13440,2215,290,10396.0,973.0,8560.0,Java,Tipada,1.2144859813084112,10932,1469,115.23736111111111,1263.0
alibaba/DataX,https://github.com/alibaba/DataX,13368,78,3,551.0,4.0,438.0,Java,Tipada,1.2579908675799087,12160,3702,1007.4234722222222,7.0
Bigkoo/Android-PickerView,https://github.com/Bigkoo/Android-PickerView,13286,16,1,493.0,10.0,78.0,Java,Tipada,6.32051282051282,879,345,92.4009722222222,11.0
Curzibn/Luban,https://github.com/Curzibn/Luban,13243,9,0,187.0,5.0,33.0,Java,Tipada,5.666666666666667,209,27,169.7686111111111,5.0
Grasscutters/Grasscutter,https://github.com/Grasscutters/Grasscutter,13136,177,41,1951.0,360.0,1055.0,Java,Tipada,1.8492890995260665,200412,33280,103.1447222222222,401.0
google/tink,https://github.com/google/tink,13134,118,0,6342.0,7.0,224.0,Java,Tipada,28.3125,30188,6643,21171.0,7.0
JessYanCoding/AndroidAutoSize,https://github.com/JessYanCoding/AndroidAutoSize,12971,4,0,333.0,0.0,7.0,Java,Tipada,47.57142857142857,404,35,0.0,0.0
deeplearning4j/deeplearning4j,https://github.com/deeplearning4j/deeplearning4j,12926,62,108,2677.0,1170.0,4274.0,Java,Tipada,0.626345343940103,137516,77754,752.725,1278.0
seaswalker/spring-analysis,https://github.com/seaswalker/spring-analysis,12861,4,0,101.0,0.0,23.0,Java,Tipada,4.391304347826087,56,45,0.0,0.0
pinpoint-apm/pinpoint,https://github.com/pinpoint-apm/pinpoint,12743,118,12,13040.0,345.0,6046.0,Java,Tipada,2.156797882897784,64753,9716,67.88347222222222,357.0
GoogleContainerTools/jib,https://github.com/GoogleContainerTools/jib,12736,125,0,2268.0,27.0,2489.0,Java,Tipada,0.9112093210124548,6222,2256,430.7366666666667,27.0
facebookarchive/stetho,https://github.com/facebookarchive/stetho,12644,55,2,588.0,37.0,321.0,Java,Tipada,1.83177570093458,3053,562,168.30805555555557,39.0
apache/pulsar,https://github.com/apache/pulsar,12634,633,0,11556.0,2650.0,13738.0,Java,Tipada,0.841170476051827,75515,19123,161.8072222222222,2650.0
Netflix/zuul,https://github.com/Netflix/zuul,12600,605,5,1473.0,8.0,1026.0,Java,Tipada,1.435672514619883,3705,841,144.4351388888889,13.0
apache/druid,https://github.com/apache/druid,12584,567,222,12695.0,505.0,9584.0,Java,Tipada,1.3246035058430718,112261,16049,453.2023611111112,727.0
greenrobot/greenDAO,https://github.com/greenrobot/greenDAO,12577,6,7,883.0,29.0,128.0,Java,Tipada,6.8984375,3774,695,1068.7205555555556,36.0
java-decompiler/jd-gui,https://github.com/java-decompiler/jd-gui,12465,9,0,253.0,3.0,57.0,Java,Tipada,4.43859649122807,3413,578,546.9033333333333,3.0
LuckSiege/PictureSelector,https://github.com/LuckSiege/PictureSelector,12413,9,0,3893.0,1.0,58.0,Java,Tipada,67.12068965517241,7798,1377,324.13444444444445,1.0
zhihu/Matisse,https://github.com/zhihu/Matisse,12410,32,8,223.0,10.0,172.0,Java,Tipada,1.2965116279069768,719,86,509.81916666666666,18.0
youth5201314/banner,https://github.com/youth5201314/banner,12371,11,1,237.0,1.0,32.0,Java,Tipada,7.40625,562,101,1690.6502777777778,2.0
sqshq/piggymetrics,https://github.com/sqshq/piggymetrics,12316,14,0,290.0,0.0,44.0,Java,Tipada,6.590909090909091,716,130,0.0,0.0
daimajia/AndroidSwipeLayout,https://github.com/daimajia/AndroidSwipeLayout,12294,19,1,175.0,8.0,65.0,Java,Tipada,2.6923076923076925,699,118,16.47277777777778,9.0
daimajia/AndroidViewAnimations,https://github.com/daimajia/AndroidViewAnimations,12273,19,0,145.0,1.0,35.0,Java,Tipada,4.142857142857143,147,82,3456.2375,1.0
dromara/Sa-Token,https://github.com/dromara/Sa-Token,12210,93,0,1474.0,2.0,73.0,Java,Tipada,20.19178082191781,5224,1745,25.74375,2.0
macrozheng/mall-learning,https://github.com/macrozheng/mall-learning,11990,1,0,522.0,0.0,42.0,Java,Tipada,12.428571428571429,25389,4929,0.0,0.0
projectlombok/lombok,https://github.com/projectlombok/lombok,11957,126,11,3536.0,18.0,471.0,Java,Tipada,7.507430997876858,19664,7038,369.4769444444445,29.0
google/guice,https://github.com/google/guice,11950,87,7,2076.0,201.0,576.0,Java,Tipada,3.6041666666666665,10176,1719,0.0002777777777777,208.0
Netflix/eureka,https://github.com/Netflix/eureka,11807,651,2,1687.0,20.0,847.0,Java,Tipada,1.991735537190083,7210,1660,666.2165277777777,22.0
quarkusio/quarkus,https://github.com/quarkusio/quarkus,11727,797,0,38037.0,0.0,18420.0,Java,Tipada,2.064983713355049,138024,24554,0.0,0.0
codecentric/spring-boot-admin,https://github.com/codecentric/spring-boot-admin,11678,169,10,2182.0,322.0,916.0,Java,Tipada,2.382096069868996,4862,1210,276.65625,332.0
Tencent/VasSonic,https://github.com/Tencent/VasSonic,11661,16,0,372.0,0.0,115.0,Java,Tipada,3.234782608695652,1783,2591,0.0,0.0
kunal-kushwaha/DSA-Bootcamp-Java,https://github.com/kunal-kushwaha/DSA-Bootcamp-Java,11591,121,0,813.0,0.0,830.0,Java,Tipada,0.9795180722891568,1291,862,0.0,0.0
Yalantis/uCrop,https://github.com/Yalantis/uCrop,11497,58,8,359.0,20.0,201.0,Java,Tipada,1.7860696517412935,899,121,3913.3440277777777,28.0
realm/realm-java,https://github.com/realm/realm-java,11385,162,0,8968.0,0.0,3205.0,Java,Tipada,2.798127925117005,22813,4393,0.0,0.0
questdb/questdb,https://github.com/questdb/questdb,11367,106,54,4073.0,285.0,2017.0,Java,Tipada,2.019335647000496,68284,13293,223.03541666666663,339.0
neo4j/neo4j,https://github.com/neo4j/neo4j,11359,377,155,76568.0,1061.0,9736.0,Java,Tipada,7.864420706655711,119169,13576,277.4776388888889,1216.0
apache/zookeeper,https://github.com/apache/zookeeper,11251,208,0,2475.0,0.0,1994.0,Java,Tipada,1.241223671013039,22841,5749,0.0,0.0
janishar/mit-deep-learning-book-pdf,https://github.com/janishar/mit-deep-learning-book-pdf,11172,7,0,26.0,0.0,6.0,Java,Tipada,4.333333333333333,0,2,0.0,0.0
androidannotations/androidannotations,https://github.com/androidannotations/androidannotations,11132,57,0,2934.0,150.0,634.0,Java,Tipada,4.62776025236593,5738,1192,350.24222222222227,150.0
jfeinstein10/SlidingMenu,https://github.com/jfeinstein10/SlidingMenu,11128,23,0,336.0,6.0,130.0,Java,Tipada,2.5846153846153848,744,84,326.45125,6.0
permissions-dispatcher/PermissionsDispatcher,https://github.com/permissions-dispatcher/PermissionsDispatcher,11123,33,1,787.0,41.0,301.0,Java,Tipada,2.614617940199336,1219,489,694.8408333333333,42.0
theonedev/onedev,https://github.com/theonedev/onedev,11119,26,0,5406.0,0.0,52.0,Java,Tipada,103.96153846153848,65880,16464,0.0,0.0
redis/jedis,https://github.com/redis/jedis,11056,204,2,2160.0,29.0,1605.0,Java,Tipada,1.3457943925233644,11322,2197,68.17916666666666,31.0
H07000223/FlycoTabLayout,https://github.com/H07000223/FlycoTabLayout,10838,1,0,42.0,0.0,24.0,Java,Tipada,1.75,577,120,0.0,0.0
alibaba/vlayout,https://github.com/alibaba/vlayout,10837,20,3,366.0,17.0,23.0,Java,Tipada,15.91304347826087,3075,579,35.82111111111111,20.0
pxb1988/dex2jar,https://github.com/pxb1988/dex2jar,10836,10,5,593.0,3.0,26.0,Java,Tipada,22.807692307692307,8477,2305,1162.8619444444444,8.0
code4craft/webmagic,https://github.com/code4craft/webmagic,10812,48,13,1210.0,66.0,200.0,Java,Tipada,6.05,1775,692,83.33263888888888,79.0
lingochamp/FileDownloader,https://github.com/lingochamp/FileDownloader,10797,13,6,834.0,88.0,67.0,Java,Tipada,12.447761194029852,2805,415,115.37041666666669,94.0
zaproxy/zaproxy,https://github.com/zaproxy/zaproxy,10790,205,122,9006.0,690.0,3185.0,Java,Tipada,2.827629513343799,35436,39803,51.06541666666666,812.0
Tencent/matrix,https://github.com/Tencent/matrix,10790,39,20,3302.0,16.0,238.0,Java,Tipada,13.873949579831931,13572,3910,978.9969444444444,36.0
dataease/dataease,https://github.com/dataease/dataease,10774,38,0,9498.0,0.0,3118.0,Java,Tipada,3.046183450930084,30302,3841,0.0,0.0
android-async-http/android-async-http,https://github.com/android-async-http/android-async-http,10657,76,0,899.0,0.0,287.0,Java,Tipada,3.132404181184669,1491,299,0.0,0.0
grpc/grpc-java,https://github.com/grpc/grpc-java,10534,353,41,5845.0,283.0,7030.0,Java,Tipada,0.8314366998577525,7039,29397,272.995,324.0
jeasonlzy/okhttp-OkGo,https://github.com/jeasonlzy/okhttp-OkGo,10517,4,0,250.0,1.0,19.0,Java,Tipada,13.157894736842104,2619,437,962.8005555555555,1.0
lipangit/JiaoZiVideoPlayer,https://github.com/lipangit/JiaoZiVideoPlayer,10449,29,13,1858.0,65.0,72.0,Java,Tipada,25.80555555555556,1037,336,1103.1152777777777,78.0
YunaiV/yudao-cloud,https://github.com/YunaiV/yudao-cloud,10446,27,0,1281.0,3.0,35.0,Java,Tipada,36.6,5166,1152,1635.1755555555555,3.0
tbruyelle/RxPermissions,https://github.com/tbruyelle/RxPermissions,10439,22,0,228.0,7.0,77.0,Java,Tipada,2.961038961038961,140,42,784.0097222222222,7.0
apache/dolphinscheduler,https://github.com/apache/dolphinscheduler,10396,477,160,7790.0,2588.0,7140.0,Java,Tipada,1.0910364145658262,21411,3585,211.92027777777776,2748.0
aosp-mirror/platform_frameworks_base,https://github.com/aosp-mirror/platform_frameworks_base,10383,1404,0,814375.0,0.0,126.0,Java,Tipada,6463.293650793651,743239,100792,0.0,0.0
yuliskov/SmartTubeNext,https://github.com/yuliskov/SmartTubeNext,10262,70,0,7448.0,0.0,823.0,Java,Tipada,9.0498177399757,35697,3680,0.0,0.0
square/javapoet,https://github.com/square/javapoet,10210,108,4,889.0,11.0,548.0,Java,Tipada,1.6222627737226278,1359,328,2173.705833333333,15.0
JessYanCoding/MVPArms,https://github.com/JessYanCoding/MVPArms,10207,18,1,1080.0,0.0,72.0,Java,Tipada,15.0,1301,176,0.0,1.0
macrozheng/mall-swarm,https://github.com/macrozheng/mall-swarm,10192,1,0,448.0,0.0,23.0,Java,Tipada,19.47826086956522,14037,1609,0.0,0.0
JakeWharton/ViewPagerIndicator,https://github.com/JakeWharton/ViewPagerIndicator,10184,25,0,241.0,9.0,149.0,Java,Tipada,1.6174496644295302,588,42,382.8011111111111,9.0
jhy/jsoup,https://github.com/jhy/jsoup,10119,102,2,1812.0,133.0,563.0,Java,Tipada,3.2184724689165187,5365,849,783.1304166666666,135.0
apereo/cas,https://github.com/apereo/cas,10099,313,0,23042.0,0.0,4308.0,Java,Tipada,5.348653667595172,32213,5978,0.0,0.0
google/auto,https://github.com/google/auto,10097,83,0,1610.0,0.0,1037.0,Java,Tipada,1.5525554484088715,4595,1145,0.0,0.0
newbee-ltd/newbee-mall,https://github.com/newbee-ltd/newbee-mall,9972,3,0,99.0,0.0,17.0,Java,Tipada,5.823529411764706,5799,1180,0.0,0.0
clojure/clojure,https://github.com/clojure/clojure,9967,156,0,3443.0,0.0,91.0,Java,Tipada,37.83516483516483,10084,11607,0.0,0.0
krahets/hello-algo,https://github.com/krahets/hello-algo,9915,71,0,1261.0,0.0,372.0,Java,Tipada,3.389784946236559,2861,535,0.0,0.0
LSPosed/LSPosed,https://github.com/LSPosed/LSPosed,9819,63,0,2688.0,197.0,1613.0,Java,Tipada,1.666460012399256,4513,795,0.073611111111111,197.0
wasabeef/glide-transformations,https://github.com/wasabeef/glide-transformations,9778,16,0,239.0,0.0,46.0,Java,Tipada,5.195652173913044,240,8,0.0,0.0
Netflix/conductor,https://github.com/Netflix/conductor,9737,759,0,3162.0,149.0,1575.0,Java,Tipada,2.0076190476190474,9968,1058,188.12041666666667,149.0
YoKeyword/Fragmentation,https://github.com/YoKeyword/Fragmentation,9729,17,0,612.0,10.0,43.0,Java,Tipada,14.232558139534884,1722,277,14.15236111111111,10.0
TooTallNate/Java-WebSocket,https://github.com/TooTallNate/Java-WebSocket,9719,78,7,1128.0,109.0,365.0,Java,Tipada,3.0904109589041098,2525,1840,912.1195833333334,116.0
HarlonWang/AVLoadingIndicatorView,https://github.com/HarlonWang/AVLoadingIndicatorView,9700,7,0,97.0,0.0,26.0,Java,Tipada,3.730769230769231,271,25,0.0,0.0
alibaba/COLA,https://github.com/alibaba/COLA,9690,26,0,379.0,0.0,154.0,Java,Tipada,2.461038961038961,1044,487,0.0,0.0
googlesamples/easypermissions,https://github.com/googlesamples/easypermissions,9680,39,3,184.0,10.0,117.0,Java,Tipada,1.5726495726495726,333,120,598.463888888889,13.0
liaohuqiu/android-Ultra-Pull-To-Refresh,https://github.com/liaohuqiu/android-Ultra-Pull-To-Refresh,9618,9,0,182.0,0.0,49.0,Java,Tipada,3.7142857142857135,917,185,0.0,0.0
ksoichiro/Android-ObservableScrollView,https://github.com/ksoichiro/Android-ObservableScrollView,9617,14,0,383.0,0.0,25.0,Java,Tipada,15.32,2163,369,0.0,0.0
paascloud/paascloud-master,https://github.com/paascloud/paascloud-master,9586,6,0,46.0,0.0,46.0,Java,Tipada,1.0,2602,1017,0.0,0.0
OpenRefine/OpenRefine,https://github.com/OpenRefine/OpenRefine,9471,303,159,7552.0,1108.0,2984.0,Java,Tipada,2.5308310991957104,22907,11351,107.94291666666668,1267.0
perwendel/spark,https://github.com/perwendel/spark,9470,137,19,1067.0,23.0,525.0,Java,Tipada,2.032380952380952,2103,529,5355.502777777778,42.0
umano/AndroidSlidingUpPanel,https://github.com/umano/AndroidSlidingUpPanel,9461,49,4,361.0,27.0,168.0,Java,Tipada,2.148809523809524,531,38,1943.485,31.0
cryptomator/cryptomator,https://github.com/cryptomator/cryptomator,9272,49,0,4451.0,624.0,302.0,Java,Tipada,14.73841059602649,2176,271,193.69208333333336,624.0
metersphere/metersphere,https://github.com/metersphere/metersphere,9185,54,0,15753.0,0.0,16544.0,Java,Tipada,0.9521881044487428,87000,14992,0.0,0.0
navasmdc/MaterialDesignLibrary,https://github.com/navasmdc/MaterialDesignLibrary,9044,11,0,74.0,0.0,92.0,Java,Tipada,0.8043478260869565,528,122,0.0,0.0
jwtk/jjwt,https://github.com/jwtk/jjwt,9030,50,2,514.0,12.0,266.0,Java,Tipada,1.932330827067669,1307,295,784.8768055555556,14.0
GcsSloop/AndroidNote,https://github.com/GcsSloop/AndroidNote,8887,4,0,1375.0,0.0,15.0,Java,Tipada,91.66666666666669,62,15,0.0,0.0
nathanmarz/storm,https://github.com/nathanmarz/storm,8880,48,0,1764.0,0.0,304.0,Java,Tipada,5.802631578947368,12778,6272,0.0,0.0
Justson/AgentWeb,https://github.com/Justson/AgentWeb,8853,7,1,1027.0,2.0,19.0,Java,Tipada,54.05263157894737,2285,577,3897.475138888889,3.0
barry-ran/QtScrcpy,https://github.com/barry-ran/QtScrcpy,9450,19,6,736.0,1.0,106.0,Java,Tipada,6.943396226415095,755,51,4634.810277777778,7.0
hackware1993/MagicIndicator,https://github.com/hackware1993/MagicIndicator,9426,1,0,3.0,2.0,13.0,Java,Tipada,0.2307692307692307,852,79,34.55597222222222,2.0
bilibili/DanmakuFlameMaster,https://github.com/bilibili/DanmakuFlameMaster,9423,38,6,1126.0,7.0,63.0,Java,Tipada,17.873015873015873,2426,616,269.0336111111111,13.0
pockethub/PocketHub,https://github.com/pockethub/PocketHub,9411,118,3,3512.0,47.0,629.0,Java,Tipada,5.583465818759937,2843,249,434.1080555555556,50.0
MyCATApache/Mycat-Server,https://github.com/MyCATApache/Mycat-Server,9393,101,79,2881.0,40.0,1219.0,Java,Tipada,2.3634126333059884,21027,5881,167.55416666666667,119.0
koral--/android-gif-drawable,https://github.com/koral--/android-gif-drawable,9357,25,2,1144.0,123.0,138.0,Java,Tipada,8.289855072463768,780,17,114.50097222222222,125.0
lzyzsd/JsBridge,https://github.com/lzyzsd/JsBridge,9322,19,1,108.0,0.0,37.0,Java,Tipada,2.918918918918919,248,96,0.0,1.0
lihengming/spring-boot-api-project-seed,https://github.com/lihengming/spring-boot-api-project-seed,9300,1,0,108.0,2.0,38.0,Java,Tipada,2.8421052631578947,87,41,62.785694444444445,2.0
asLody/VirtualApp,https://github.com/asLody/VirtualApp,9279,41,0,1344.0,0.0,192.0,Java,Tipada,7.0,7944,3595,0.0,0.0
didi/VirtualAPK,https://github.com/didi/VirtualAPK,8834,21,2,114.0,6.0,32.0,Java,Tipada,3.5625,1333,700,742.6191666666666,8.0
crossoverJie/cim,https://github.com/crossoverJie/cim,8829,7,0,347.0,5.0,39.0,Java,Tipada,8.897435897435898,1107,375,3902.473055555556,5.0
vuejs/vue,https://github.com/vuejs/vue,203495,385,41,3547,342.0,2407.0,Typescript,Tipada,1.4736186123805568,10345.0,583.0,411.30527777777775,383.0
microsoft/vscode,https://github.com/microsoft/vscode,145953,1846,1930,108519,26591.0,21080.0,Typescript,Tipada,5.147960151802657,7475.0,1342.0,31.895,28521.0
angular/angular,https://github.com/angular/angular,88050,1728,46,27022,53.0,23968.0,Typescript,Tipada,1.1274198931909212,7349.0,4341.0,843.1580555555555,99.0
ant-design/ant-design,https://github.com/ant-design/ant-design,85779,1880,0,25062,0.0,14017.0,Typescript,Tipada,1.7879717485909967,507.0,16.0,0.0,0.0
puppeteer/puppeteer,https://github.com/puppeteer/puppeteer,83070,461,132,3494,932.0,4049.0,Typescript,Tipada,0.862929118300815,1301.0,142.0,11.879722222222224,1064.0
storybookjs/storybook,https://github.com/storybookjs/storybook,78441,1712,1246,50287,3101.0,10401.0,Typescript,Tipada,4.834823574656283,3019.0,580.0,49.43902777777778,4347.0
gothinkster/realworld,https://github.com/gothinkster/realworld,74282,77,5,881,33.0,603.0,Typescript,Tipada,1.461028192371476,576.0,25.0,120.42777777777778,38.0
sveltejs/svelte,https://github.com/sveltejs/svelte,67501,593,81,7099,819.0,3394.0,Typescript,Tipada,2.091632292280495,5841.0,528.0,327.8961111111111,900.0
coder/code-server,https://github.com/coder/code-server,60261,202,94,3557,855.0,1636.0,Typescript,Tipada,2.174205378973105,1187.0,40.0,66.64666666666666,949.0
reduxjs/redux,https://github.com/reduxjs/redux,59559,952,1,3766,17.0,2435.0,Typescript,Tipada,1.546611909650924,1396.0,165.0,54.596944444444446,18.0
socketio/socket.io,https://github.com/socketio/socket.io,58194,214,12,1973,235.0,836.0,Typescript,Tipada,2.360047846889952,824.0,208.0,95.58708333333334,247.0
nestjs/nest,https://github.com/nestjs/nest,56455,382,0,13319,0.0,6556.0,Typescript,Tipada,2.031574130567419,11992.0,488.0,0.0,0.0
vitejs/vite,https://github.com/vitejs/vite,56010,776,28,5644,326.0,4461.0,Typescript,Tipada,1.2651871777628334,5809.0,312.0,385.8670833333333,354.0
grafana/grafana,https://github.com/grafana/grafana,55263,2503,0,42692,5295.0,36042.0,Typescript,Tipada,1.184506964097442,51158.0,5588.0,117.77791666666668,5295.0
apache/echarts,https://github.com/apache/echarts,55101,216,1182,9067,2040.0,1644.0,Typescript,Tipada,5.515206812652068,1365.0,2158.0,34.132222222222225,3222.0
apache/superset,https://github.com/apache/superset,51852,951,0,13370,0.0,13281.0,Typescript,Tipada,1.0067013026127551,23314.0,1462.0,0.0,0.0
hoppscotch/hoppscotch,https://github.com/hoppscotch/hoppscotch,51334,201,28,4779,256.0,1848.0,Typescript,Tipada,2.586038961038961,8973.0,454.0,39.08569444444444,284.0
microsoft/playwright,https://github.com/microsoft/playwright,50383,10000,0,10508,0.0,11685.0,Typescript,Tipada,0.8992725716730852,47304.0,8945.0,0.0,0.0
remix-run/react-router,https://github.com/remix-run/react-router,50266,878,24,6071,792.0,2880.0,Typescript,Tipada,2.107986111111111,311.0,12.0,11.230694444444442,816.0
supabase/supabase,https://github.com/supabase/supabase,49750,729,144,19194,1199.0,5666.0,Typescript,Tipada,3.387575008824568,3543.0,523.0,28.91333333333333,1343.0
excalidraw/excalidraw,https://github.com/excalidraw/excalidraw,47804,237,111,3067,420.0,3847.0,Typescript,Tipada,0.797244606186639,562.0,95.0,69.45430555555555,531.0
facebook/docusaurus,https://github.com/facebook/docusaurus,44450,1134,90,5573,980.0,5417.0,Typescript,Tipada,1.028798227801366,2542.0,125.0,109.43222222222222,1070.0
DefinitelyTyped/DefinitelyTyped,https://github.com/DefinitelyTyped/DefinitelyTyped,43925,9975,0,83903,0.0,55501.0,Typescript,Tipada,1.5117385272337436,2093.0,1046.0,0.0,0.0
babel/babel,https://github.com/babel/babel,42222,1067,0,15761,0.0,6444.0,Typescript,Tipada,2.4458410924891374,6049.0,1089.0,0.0,0.0
jestjs/jest,https://github.com/jestjs/jest,41940,1464,0,6809,1576.0,6695.0,Typescript,Tipada,1.0170276325616132,9265.0,2214.0,617.6372222222222,1576.0
vercel/hyper,https://github.com/vercel/hyper,40854,449,0,3522,0.0,3399.0,Typescript,Tipada,1.036187113857017,1688.0,596.0,0.0,0.0
pixijs/pixijs,https://github.com/pixijs/pixijs,39861,435,0,6473,0.0,3565.0,Typescript,Tipada,1.8157082748948103,3464.0,377.0,0.0,0.0
styled-components/styled-components,https://github.com/styled-components/styled-components,38779,343,0,3473,0.0,1231.0,Typescript,Tipada,2.8212835093419986,1739.0,65.0,0.0,0.0
vuejs/core,https://github.com/vuejs/core,37364,408,0,4917,0.0,3521.0,Typescript,Tipada,1.3964782732178358,16134.0,911.0,0.0,0.0
vuetifyjs/vuetify,https://github.com/vuetifyjs/vuetify,37103,815,0,14120,0.0,4529.0,Typescript,Tipada,3.117686023404725,12271.0,558.0,0.0,0.0
streamich/react-use,https://github.com/streamich/react-use,36654,171,12,2947,17.0,1952.0,Typescript,Tipada,1.509733606557377,1066.0,58.0,129.66305555555556,29.0
nocodb/nocodb,https://github.com/nocodb/nocodb,35821,140,0,14192,0.0,2140.0,Typescript,Tipada,6.631775700934579,18269.0,1646.0,0.0,0.0
RocketChat/Rocket.Chat,https://github.com/RocketChat/Rocket.Chat,35464,858,283,23478,1918.0,13571.0,Typescript,Tipada,1.7300125267113695,43563.0,3250.0,673.5472222222222,2201.0
react-hook-form/react-hook-form,https://github.com/react-hook-form/react-hook-form,34713,259,0,3453,438.0,2167.0,Typescript,Tipada,1.5934471619750807,54.0,5.0,8.295555555555556,438.0
lerna/lerna,https://github.com/lerna/lerna,34536,311,58,2569,98.0,1172.0,Typescript,Tipada,2.1919795221843,546.0,14.0,144.71944444444443,156.0
TanStack/query,https://github.com/TanStack/query,34429,602,5,2022,97.0,1643.0,Typescript,Tipada,1.2306755934266584,8540.0,269.0,147.44555555555556,102.0
ant-design/ant-design-pro,https://github.com/ant-design/ant-design-pro,34171,328,0,2471,0.0,1404.0,Typescript,Tipada,1.75997150997151,303.0,9.0,0.0,0.0
nativefier/nativefier,https://github.com/nativefier/nativefier,33534,136,103,1278,286.0,322.0,Typescript,Tipada,3.968944099378882,1106.0,24.0,70.3788888888889,389.0
NervJS/taro,https://github.com/NervJS/taro,32869,504,8,9859,105.0,3511.0,Typescript,Tipada,2.808031899743663,19672.0,1786.0,566.3877777777777,113.0
chakra-ui/chakra-ui,https://github.com/chakra-ui/chakra-ui,32598,584,0,8906,0.0,2883.0,Typescript,Tipada,3.0891432535553243,6186.0,190.0,0.0,0.0
immutable-js/immutable-js,https://github.com/immutable-js/immutable-js,32570,212,5,1718,70.0,714.0,Typescript,Tipada,2.4061624649859943,3754.0,438.0,4651.792638888888,75.0
date-fns/date-fns,https://github.com/date-fns/date-fns,31500,373,0,1931,0.0,1542.0,Typescript,Tipada,1.2522697795071336,6255.0,434.0,0.0,0.0
prisma/prisma,https://github.com/prisma/prisma,31219,223,0,9222,0.0,5405.0,Typescript,Tipada,1.7061979648473635,2340.0,179.0,0.0,0.0
typeorm/typeorm,https://github.com/typeorm/typeorm,31168,976,1115,5256,1292.0,2585.0,Typescript,Tipada,2.0332688588007737,266.0,29.0,259.06652777777776,2407.0
appwrite/appwrite,https://github.com/appwrite/appwrite,31075,294,125,15011,753.0,2647.0,Typescript,Tipada,5.670948243294295,6574.0,8628.0,80.79875,878.0
pmndrs/zustand,https://github.com/pmndrs/zustand,30575,198,1,888,6.0,576.0,Typescript,Tipada,1.5416666666666667,77.0,3.0,1072.0156944444443,7.0
withastro/astro,https://github.com/withastro/astro,30175,507,0,5438,0.0,4208.0,Typescript,Tipada,1.292300380228137,10615.0,607.0,0.0,0.0
n8n-io/n8n,https://github.com/n8n-io/n8n,30089,332,0,8594,0.0,5149.0,Typescript,Tipada,1.6690619537774325,43331.0,1948.0,0.0,0.0
ReactiveX/rxjs,https://github.com/ReactiveX/rxjs,28842,544,16,5265,194.0,3805.0,Typescript,Tipada,1.3837056504599212,4484.0,469.0,1412.4069444444444,210.0
niklasvh/html2canvas,https://github.com/niklasvh/html2canvas,28159,50,35,1066,75.0,472.0,Typescript,Tipada,2.2584745762711864,2376.0,158.0,2826.2891666666665,110.0
solidjs/solid,https://github.com/solidjs/solid,27496,140,4,1605,187.0,361.0,Typescript,Tipada,4.445983379501385,3999.0,420.0,96.70930555555556,191.0
postcss/postcss,https://github.com/postcss/postcss,27458,374,1,3880,73.0,868.0,Typescript,Tipada,4.470046082949309,399.0,2.0,139.10583333333332,74.0
ianstormtaylor/slate,https://github.com/ianstormtaylor/slate,26995,538,283,4056,763.0,2268.0,Typescript,Tipada,1.7883597883597884,19913.0,11467.0,160.3070833333333,1046.0
lyswhut/lx-music-desktop,https://github.com/lyswhut/lx-music-desktop,26836,7,7,1944,57.0,65.0,Typescript,Tipada,29.907692307692308,9123.0,554.0,197.1588888888889,64.0
vercel/swr,https://github.com/vercel/swr,26649,475,8,774,85.0,822.0,Typescript,Tipada,0.9416058394160584,3094.0,59.0,281.5130555555556,93.0
slidevjs/slidev,https://github.com/slidevjs/slidev,26526,118,0,1378,12.0,278.0,Typescript,Tipada,4.956834532374101,1900.0,106.0,21.92625,12.0
mobxjs/mobx,https://github.com/mobxjs/mobx,26427,309,0,3211,0.0,1229.0,Typescript,Tipada,2.612693246541904,11397.0,1806.0,0.0,0.0
cheeriojs/cheerio,https://github.com/cheeriojs/cheerio,26333,130,0,2536,0.0,2032.0,Typescript,Tipada,1.248031496062992,259.0,25.0,0.0,0.0
JedWatson/react-select,https://github.com/JedWatson/react-select,26094,423,0,4220,0.0,1702.0,Typescript,Tipada,2.4794359576968272,2097.0,134.0,0.0,0.0
angular/angular-cli,https://github.com/angular/angular-cli,26071,599,0,10446,0.0,10540.0,Typescript,Tipada,0.9910815939278936,13547.0,510.0,0.0,0.0
pmndrs/react-spring,https://github.com/pmndrs/react-spring,25631,185,0,3476,0.0,510.0,Typescript,Tipada,6.815686274509804,16855.0,11376.0,0.0,0.0
balena-io/etcher,https://github.com/balena-io/etcher,25489,85,0,3330,264.0,2001.0,Typescript,Tipada,1.6641679160419791,639.0,9.0,1245.5891666666666,264.0
trpc/trpc,https://github.com/trpc/trpc,25369,277,0,3080,0.0,3021.0,Typescript,Tipada,1.0195299569678915,910.0,201.0,0.0,0.0
mattermost/mattermost-server,https://github.com/mattermost/mattermost-server,25344,766,0,16785,0.0,15852.0,Typescript,Tipada,1.0588569265707797,87674.0,6476.0,0.0,0.0
floating-ui/floating-ui,https://github.com/floating-ui/floating-ui,25333,75,1,1808,295.0,970.0,Typescript,Tipada,1.863917525773196,3599.0,102.0,62.81375,296.0
AykutSarac/jsoncrack.com,https://github.com/AykutSarac/jsoncrack.com,23942,22,15,1049,48.0,107.0,Typescript,Tipada,9.80373831775701,790.0,15.0,675.0383333333334,63.0
Yidadaa/ChatGPT-Next-Web,https://github.com/Yidadaa/ChatGPT-Next-Web,23814,63,0,673,34.0,429.0,Typescript,Tipada,1.5687645687645688,982.0,58.0,20.685833333333328,34.0
statelyai/xstate,https://github.com/statelyai/xstate,23703,313,37,5241,349.0,1677.0,Typescript,Tipada,3.1252236135957068,5512.0,721.0,68.71972222222223,386.0
react-native-elements/react-native-elements,https://github.com/react-native-elements/react-native-elements,23616,379,0,2389,0.0,1609.0,Typescript,Tipada,1.4847731510254816,17462.0,11438.0,0.0,0.0
vuejs/devtools,https://github.com/vuejs/devtools,23606,174,21,2082,108.0,420.0,Typescript,Tipada,4.957142857142857,4055.0,155.0,185.88583333333327,129.0
pnpm/pnpm,https://github.com/pnpm/pnpm,23585,205,618,8280,941.0,2481.0,Typescript,Tipada,3.3373639661426844,3790.0,170.0,26.684444444444445,1559.0
angular/components,https://github.com/angular/components,23490,699,0,10700,0.0,12880.0,Typescript,Tipada,0.8307453416149069,1641.0,177.0,0.0,0.0
remix-run/remix,https://github.com/remix-run/remix,23354,948,34,3991,337.0,2980.0,Typescript,Tipada,1.339261744966443,522.0,39.0,254.38402777777776,371.0
doczjs/docz,https://github.com/doczjs/docz,23261,135,3,1609,191.0,485.0,Typescript,Tipada,3.3175257731958765,1350.0,62.0,1082.5629166666668,194.0
discordjs/discord.js,https://github.com/discordjs/discord.js,23057,459,49,7528,409.0,5121.0,Typescript,Tipada,1.470025385666862,5999.0,610.0,121.87291666666668,458.0
reduxjs/react-redux,https://github.com/reduxjs/react-redux,22778,279,0,1139,11.0,730.0,Typescript,Tipada,1.5602739726027397,1619.0,523.0,18.851944444444445,11.0
codex-team/editor.js,https://github.com/codex-team/editor.js,22768,64,159,704,176.0,952.0,Typescript,Tipada,0.7394957983193278,1364.0,108.0,194.02069444444444,335.0
neoclide/coc.nvim,https://github.com/neoclide/coc.nvim,22735,234,4,5640,201.0,1133.0,Typescript,Tipada,4.977934686672551,2813.0,110.0,22.99486111111111,205.0
vadimdemedes/ink,https://github.com/vadimdemedes/ink,22491,99,5,549,32.0,266.0,Typescript,Tipada,2.06390977443609,1188.0,134.0,3105.608888888889,37.0
pmndrs/react-three-fiber,https://github.com/pmndrs/react-three-fiber,22449,204,18,2399,70.0,600.0,Typescript,Tipada,3.9983333333333335,1746.0,97.0,264.4872222222223,88.0
react-navigation/react-navigation,https://github.com/react-navigation/react-navigation,22405,185,588,2627,2520.0,1672.0,Typescript,Tipada,1.5711722488038278,5996.0,648.0,127.11416666666668,3108.0
t4t5/sweetalert,https://github.com/t4t5/sweetalert,22244,62,3,363,20.0,290.0,Typescript,Tipada,1.2517241379310344,260.0,51.0,2518.0526388888893,23.0
marmelab/react-admin,https://github.com/marmelab/react-admin,22075,549,44,16475,1004.0,4747.0,Typescript,Tipada,3.470613018748683,28814.0,11862.0,120.45277777777778,1048.0
conwnet/github1s,https://github.com/conwnet/github1s,21929,43,0,351,13.0,291.0,Typescript,Tipada,1.2061855670103092,1803.0,97.0,124.60805555555557,13.0
withfig/autocomplete,https://github.com/withfig/autocomplete,21924,389,11,4267,49.0,1437.0,Typescript,Tipada,2.9693806541405707,1322.0,91.0,510.6619444444444,60.0
homebridge/homebridge,https://github.com/homebridge/homebridge,21889,108,9,1455,284.0,373.0,Typescript,Tipada,3.900804289544236,565.0,190.0,418.7554166666667,293.0
colinhacks/zod,https://github.com/colinhacks/zod,21842,223,0,1828,0.0,552.0,Typescript,Tipada,3.3115942028985508,2025.0,183.0,0.0,0.0
backstage/backstage,https://github.com/backstage/backstage,21786,1091,115,40368,1667.0,12955.0,Typescript,Tipada,3.1160169818602856,6676.0,586.0,86.34125,1782.0
felixrieseberg/windows95,https://github.com/felixrieseberg/windows95,21780,16,0,197,0.0,61.0,Typescript,Tipada,3.229508196721312,210.0,12.0,0.0,0.0
react-bootstrap/react-bootstrap,https://github.com/react-bootstrap/react-bootstrap,21697,469,20,4457,264.0,3182.0,Typescript,Tipada,1.400691389063482,2293.0,76.0,94.40263888888887,284.0
directus/directus,https://github.com/directus/directus,21485,303,94,10285,1546.0,6173.0,Typescript,Tipada,1.6661266807063015,122.0,19.0,103.64624999999998,1640.0
reworkd/AgentGPT,https://github.com/reworkd/AgentGPT,21451,36,17,573,34.0,240.0,Typescript,Tipada,2.3875,253.0,19.0,66.70430555555555,51.0
TanStack/table,https://github.com/TanStack/table,21404,365,0,2155,0.0,957.0,Typescript,Tipada,2.251828631138976,4549.0,199.0,0.0,0.0
youzan/vant,https://github.com/youzan/vant,21284,287,0,9498,0.0,4850.0,Typescript,Tipada,1.9583505154639176,6418.0,154.0,0.0,0.0
electron-react-boilerplate/electron-react-boilerplate,https://github.com/electron-react-boilerplate/electron-react-boilerplate,21268,158,19,1110,343.0,1577.0,Typescript,Tipada,0.703868103994927,95.0,0.0,356.6859722222222,362.0
refined-github/refined-github,https://github.com/refined-github/refined-github,21049,294,49,3436,1389.0,3097.0,Typescript,Tipada,1.1094607684856312,2193.0,207.0,47.72444444444445,1438.0
lensapp/lens,https://github.com/lensapp/lens,20992,108,417,3913,1448.0,4438.0,Typescript,Tipada,0.8817034700315457,18951.0,559.0,95.04847222222224,1865.0
jhipster/generator-jhipster,https://github.com/jhipster/generator-jhipster,20562,687,0,45071,0.0,14730.0,Typescript,Tipada,3.059809911744739,9626.0,531.0,0.0,0.0
BabylonJS/Babylon.js,https://github.com/BabylonJS/Babylon.js,20539,475,0,39911,759.0,10944.0,Typescript,Tipada,3.646838450292398,8663.0,1955.0,47.14388888888889,759.0
Molunerfinn/PicGo,https://github.com/Molunerfinn/PicGo,20502,15,8,501,224.0,38.0,Typescript,Tipada,13.18421052631579,1459.0,114.0,0.4755555555555555,232.0
tailwindlabs/headlessui,https://github.com/tailwindlabs/headlessui,20451,77,0,595,7.0,528.0,Typescript,Tipada,1.1268939393939394,7534.0,259.0,1251.4261111111111,7.0
novuhq/novu,https://github.com/novuhq/novu,20446,276,8,10928,48.0,2295.0,Typescript,Tipada,4.761655773420479,11161.0,765.0,213.0338888888889,56.0
jquense/yup,https://github.com/jquense/yup,20326,154,6,751,22.0,485.0,Typescript,Tipada,1.5484536082474227,1158.0,181.0,4001.646111111111,28.0
recharts/recharts,https://github.com/recharts/recharts,20241,249,64,2247,150.0,799.0,Typescript,Tipada,2.8122653316645807,2595.0,121.0,3282.6608333333334,214.0
oldj/SwitchHosts,https://github.com/oldj/SwitchHosts,20162,35,0,1316,0.0,88.0,Typescript,Tipada,14.954545454545457,1070.0,61.0,0.0,0.0
Redocly/redoc,https://github.com/Redocly/redoc,20105,239,56,2520,186.0,639.0,Typescript,Tipada,3.943661971830986,121.0,20.0,476.5306944444444,242.0
lensterxyz/lenster,https://github.com/lensterxyz/lenster,20039,75,19,5884,36.0,1818.0,Typescript,Tipada,3.2365236523652365,4152.0,142.0,180.69972222222225,55.0
palantir/blueprint,https://github.com/palantir/blueprint,19805,379,188,2910,638.0,3112.0,Typescript,Tipada,0.9350899742930592,2610.0,290.0,144.66333333333333,826.0
calcom/cal.com,https://github.com/calcom/cal.com,19520,260,0,5595,0.0,5007.0,Typescript,Tipada,1.1174355901737567,11583.0,768.0,0.0,0.0
graphql/graphql-js,https://github.com/graphql/graphql-js,19507,200,10,3355,26.0,2756.0,Typescript,Tipada,1.217343976777939,6515.0,327.0,206.85541666666663,36.0
railsware/upterm,https://github.com/railsware/upterm,19337,107,0,2998,0.0,566.0,Typescript,Tipada,5.296819787985866,1580.0,130.0,0.0,0.0
mantinedev/mantine,https://github.com/mantinedev/mantine,19312,373,0,10251,0.0,1197.0,Typescript,Tipada,8.563909774436091,11009.0,351.0,0.0,0.0
outline/outline,https://github.com/outline/outline,19289,130,29,5164,1056.0,1931.0,Typescript,Tipada,2.6742620403935784,3753.0,157.0,6.559583333333333,1085.0
react-dnd/react-dnd,https://github.com/react-dnd/react-dnd,19198,201,3,2229,52.0,1906.0,Typescript,Tipada,1.1694648478488985,3739.0,579.0,687.7118055555557,55.0
ueberdosis/tiptap,https://github.com/ueberdosis/tiptap,18959,232,171,5811,1075.0,778.0,Typescript,Tipada,7.469151670951157,3759.0,103.0,195.88152777777776,1246.0
fingerprintjs/fingerprintjs,https://github.com/fingerprintjs/fingerprintjs,18950,88,5,751,51.0,307.0,Typescript,Tipada,2.446254071661238,429.0,25.0,2403.505833333333,56.0
reduxjs/reselect,https://github.com/reduxjs/reselect,18890,94,1,735,1.0,216.0,Typescript,Tipada,3.4027777777777777,645.0,110.0,5848.001388888889,2.0
wenyan-lang/wenyan,https://github.com/wenyan-lang/wenyan,18879,56,1,915,5.0,199.0,Typescript,Tipada,4.597989949748744,1288.0,401.0,60.01,6.0
GoogleChromeLabs/squoosh,https://github.com/GoogleChromeLabs/squoosh,18772,73,3,1459,14.0,783.0,Typescript,Tipada,1.8633461047254152,297.0,63.0,9973.200277777778,17.0
apollographql/apollo-client,https://github.com/apollographql/apollo-client,18689,748,0,11633,0.0,5686.0,Typescript,Tipada,2.045902215969047,2395.0,144.0,0.0,0.0
framer/motion,https://github.com/framer/motion,18575,76,158,4588,731.0,805.0,Typescript,Tipada,5.6993788819875775,2492.0,181.0,35.320277777777775,889.0
elastic/kibana,https://github.com/elastic/kibana,18457,2320,1760,63156,15470.0,102791.0,Typescript,Tipada,0.6144117675671995,45508.0,2995.0,95.38958333333336,17230.0
Budibase/budibase,https://github.com/Budibase/budibase,18242,75,169,31322,1629.0,2961.0,Typescript,Tipada,10.578183046268151,14238.0,774.0,65.83152777777778,1798.0
alan2207/bulletproof-react,https://github.com/alan2207/bulletproof-react,18144,28,0,162,0.0,58.0,Typescript,Tipada,2.793103448275862,455.0,14.0,0.0,0.0
eclipse-theia/theia,https://github.com/eclipse-theia/theia,18060,296,373,6464,1354.0,5421.0,Typescript,Tipada,1.192399926212876,4290.0,155.0,145.68833333333333,1727.0
medusajs/medusa,https://github.com/medusajs/medusa,17993,147,57,3475,226.0,2919.0,Typescript,Tipada,1.1904761904761905,30648.0,2184.0,34.16972222222222,283.0
GrapesJS/grapesjs,https://github.com/GrapesJS/grapesjs,17859,144,4,5361,147.0,522.0,Typescript,Tipada,10.270114942528735,8298.0,1599.0,250.1751388888889,151.0
reduxjs/redux-thunk,https://github.com/reduxjs/redux-thunk,17575,55,0,194,0.0,127.0,Typescript,Tipada,1.5275590551181102,63.0,9.0,0.0,0.0
alibaba/ice,https://github.com/alibaba/ice,17543,113,74,2775,205.0,3361.0,Typescript,Tipada,0.8256471288307051,4604.0,243.0,180.7861111111111,279.0
nrwl/nx,https://github.com/nrwl/nx,17482,705,326,9184,4346.0,8946.0,Typescript,Tipada,1.02660406885759,7809.0,471.0,14.889027777777777,4672.0
the1812/Bilibili-Evolved,https://github.com/the1812/Bilibili-Evolved,17449,34,41,7303,335.0,321.0,Typescript,Tipada,22.75077881619938,2585.0,111.0,496.06375,376.0
web3/web3.js,https://github.com/web3/web3.js,17432,240,40,3664,636.0,2288.0,Typescript,Tipada,1.6013986013986017,102.0,20.0,490.9920833333333,676.0
t3-oss/create-t3-app,https://github.com/t3-oss/create-t3-app,17287,233,0,1059,0.0,997.0,Typescript,Tipada,1.0621865596790372,324.0,23.0,0.0,0.0
desktop/desktop,https://github.com/desktop/desktop,17195,370,157,34136,900.0,5283.0,Typescript,Tipada,6.461480219572213,692.0,36.0,309.08444444444444,1057.0
BuilderIO/qwik,https://github.com/BuilderIO/qwik,17155,342,150,2547,727.0,2668.0,Typescript,Tipada,0.954647676161919,526.0,25.0,29.069166666666668,877.0
airbnb/visx,https://github.com/airbnb/visx,17107,152,0,3156,0.0,698.0,Typescript,Tipada,4.521489971346705,763.0,26.0,0.0,0.0
material-components/material-components-web,https://github.com/material-components/material-components-web,16772,388,151,7391,590.0,4987.0,Typescript,Tipada,1.4820533386805694,4789.0,124.0,119.28527777777778,741.0
teambit/bit,https://github.com/teambit/bit,16623,72,0,11773,753.0,5486.0,Typescript,Tipada,2.146008020415604,7050.0,351.0,176.5648611111111,753.0
darkreader/darkreader,https://github.com/darkreader/darkreader,16620,1082,227,6744,800.0,6683.0,Typescript,Tipada,1.0091276372886429,5406.0,320.0,29.470972222222223,1027.0
nextauthjs/next-auth,https://github.com/nextauthjs/next-auth,16438,536,6,2266,453.0,1784.0,Typescript,Tipada,1.2701793721973094,497.0,38.0,21.83708333333333,459.0
wulkano/Kap,https://github.com/wulkano/Kap,16427,53,22,905,117.0,416.0,Typescript,Tipada,2.175480769230769,1136.0,27.0,591.7608333333333,139.0
fullcalendar/fullcalendar,https://github.com/fullcalendar/fullcalendar,16357,128,0,6357,0.0,581.0,Typescript,Tipada,10.941480206540447,216.0,127.0,0.0,0.0
sismo-core/sismo-badges,https://github.com/sismo-core/sismo-badges,16141,7,0,307,0.0,65.0,Typescript,Tipada,4.723076923076923,1174.0,140.0,0.0,0.0
redis/node-redis,https://github.com/redis/node-redis,16141,224,66,1878,431.0,828.0,Typescript,Tipada,2.2681159420289854,47.0,0.0,64.10625,497.0
wechaty/wechaty,https://github.com/wechaty/wechaty,16131,85,22,7083,180.0,880.0,Typescript,Tipada,8.048863636363636,1222.0,85.0,71.56097222222223,202.0
ustbhuangyi/better-scroll,https://github.com/ustbhuangyi/better-scroll,16067,37,0,2001,18.0,210.0,Typescript,Tipada,9.528571428571428,2630.0,108.0,301.7108333333333,18.0
redwoodjs/redwood,https://github.com/redwoodjs/redwood,15955,361,0,8639,0.0,6294.0,Typescript,Tipada,1.3725770575150935,13728.0,2629.0,0.0,0.0
nhn/tui.editor,https://github.com/nhn/tui.editor,15925,125,231,361,378.0,1511.0,Typescript,Tipada,0.2389146260754467,6495.0,438.0,526.9659722222223,609.0
toeverything/AFFiNE,https://github.com/toeverything/AFFiNE,15870,76,46,3054,283.0,1387.0,Typescript,Tipada,2.2018745493871665,4586.0,607.0,25.08111111111111,329.0
remotion-dev/remotion,https://github.com/remotion-dev/remotion,15832,154,8,11140,238.0,1298.0,Typescript,Tipada,8.582434514637905,10203.0,387.0,42.57458333333334,246.0
yetone/openai-translator,https://github.com/yetone/openai-translator,15722,53,98,428,74.0,197.0,Typescript,Tipada,2.172588832487309,162.0,8.0,28.52388888888889,172.0
CopyTranslator/CopyTranslator,https://github.com/CopyTranslator/CopyTranslator,15652,9,6,770,31.0,96.0,Typescript,Tipada,8.020833333333334,1671.0,172.0,734.9216666666666,37.0
Tencent/vConsole,https://github.com/Tencent/vConsole,15633,54,0,929,1.0,189.0,Typescript,Tipada,4.915343915343915,923.0,134.0,44.22527777777778,1.0
flatpickr/flatpickr,https://github.com/flatpickr/flatpickr,15554,244,15,2867,49.0,644.0,Typescript,Tipada,4.451863354037267,1246.0,94.0,114.54777777777778,64.0
wangeditor-team/wangEditor,https://github.com/wangeditor-team/wangEditor,15486,45,38,2410,303.0,572.0,Typescript,Tipada,4.213286713286713,2889.0,163.0,781.5819444444444,341.0
wbkd/react-flow,https://github.com/wbkd/react-flow,15456,64,1,3454,31.0,1051.0,Typescript,Tipada,3.28639391056137,2442.0,74.0,287.7216666666667,32.0
microsoft/fluentui,https://github.com/microsoft/fluentui,15393,796,0,16057,0.0,16131.0,Typescript,Tipada,0.9954125596677206,4151.0,529.0,0.0,0.0
vueuse/vueuse,https://github.com/vueuse/vueuse,15159,469,0,2687,22.0,1687.0,Typescript,Tipada,1.5927682276229993,5429.0,168.0,582.6176388888889,22.0
mattermost/focalboard,https://github.com/mattermost/focalboard,15057,274,230,3584,1315.0,2318.0,Typescript,Tipada,1.546160483175151,14869.0,1146.0,305.1918055555556,1545.0
justadudewhohacks/face-api.js,https://github.com/justadudewhohacks/face-api.js,14975,22,6,488,4.0,106.0,Typescript,Tipada,4.60377358490566,1292.0,36.0,120.77833333333332,10.0
airbnb/react-sketchapp,https://github.com/airbnb/react-sketchapp,14965,81,3,780,39.0,227.0,Typescript,Tipada,3.436123348017621,1172.0,46.0,1787.2047222222222,42.0
xtermjs/xterm.js,https://github.com/xtermjs/xterm.js,14911,264,0,8657,743.0,2201.0,Typescript,Tipada,3.933212176283508,392.0,42.0,77.3125,743.0
graphql/graphiql,https://github.com/graphql/graphiql,14895,269,85,3643,118.0,2043.0,Typescript,Tipada,1.7831620166421929,310.0,19.0,697.4770833333333,203.0
learn-anything/learn-anything,https://github.com/learn-anything/learn-anything,14805,5,0,5,0.0,9.0,Typescript,Tipada,0.5555555555555556,10.0,2.0,0.0,0.0
verdaccio/verdaccio,https://github.com/verdaccio/verdaccio,14739,278,0,4921,0.0,2313.0,Typescript,Tipada,2.127539991353221,2084.0,260.0,0.0,0.0
feathersjs/feathers,https://github.com/feathersjs/feathers,14587,211,2,3967,57.0,1053.0,Typescript,Tipada,3.767331433998101,4141.0,106.0,2561.837777777778,59.0
cyrildiagne/ar-cutpaste,https://github.com/cyrildiagne/ar-cutpaste,14521,6,0,50,0.0,40.0,Typescript,Tipada,1.25,73.0,16.0,0.0,0.0
sass/sass,https://github.com/sass/sass,14494,26,4,526,236.0,715.0,Typescript,Tipada,0.7356643356643356,0.0,0.0,2166.2297222222223,240.0
lit/lit,https://github.com/lit/lit,14493,155,0,2043,0.0,1925.0,Typescript,Tipada,1.0612987012987014,8722.0,813.0,0.0,0.0
shadcn/ui,https://github.com/shadcn/ui,14467,48,2,128,2.0,186.0,Typescript,Tipada,0.6881720430107527,712.0,33.0,1612.8320833333332,4.0
umijs/qiankun,https://github.com/umijs/qiankun,14361,106,8,299,19.0,618.0,Typescript,Tipada,0.4838187702265372,453.0,34.0,711.0941666666666,27.0
pavlobu/deskreen,https://github.com/pavlobu/deskreen,14139,20,32,252,21.0,70.0,Typescript,Tipada,3.6,1791.0,229.0,3.894722222222222,53.0
umijs/umi,https://github.com/umijs/umi,13984,428,0,7097,3.0,3718.0,Typescript,Tipada,1.9088219472834853,8352.0,1200.0,51.37277777777778,3.0
trufflesuite/truffle,https://github.com/trufflesuite/truffle,13891,250,47,15513,150.0,2870.0,Typescript,Tipada,5.405226480836237,5823.0,353.0,1823.335555555556,197.0
baidu/amis,https://github.com/baidu/amis,13793,171,46,11203,95.0,3702.0,Typescript,Tipada,3.0262020529443543,2410.0,718.0,311.6683333333333,141.0
BrainJS/brain.js,https://github.com/BrainJS/brain.js,13716,99,18,1487,103.0,271.0,Typescript,Tipada,5.487084870848708,4367.0,221.0,1428.7625,121.0
conventional-changelog/commitlint,https://github.com/conventional-changelog/commitlint,13713,210,32,2344,92.0,3080.0,Typescript,Tipada,0.7610389610389611,1090.0,29.0,837.9625000000001,124.0
foambubble/foam,https://github.com/foambubble/foam,13711,123,8,1036,184.0,584.0,Typescript,Tipada,1.773972602739726,2994.0,184.0,340.1329166666667,192.0
formatjs/formatjs,https://github.com/formatjs/formatjs,13697,268,17,4635,536.0,2109.0,Typescript,Tipada,2.197724039829303,7365.0,542.0,550.1554166666667,553.0
usememos/memos,https://github.com/usememos/memos,13663,100,36,1174,214.0,864.0,Typescript,Tipada,1.3587962962962965,3423.0,117.0,55.07375,250.0
angular-ui/ui-router,https://github.com/angular-ui/ui-router,13635,187,0,2121,260.0,664.0,Typescript,Tipada,3.194277108433735,107.0,19.0,319.7344444444444,260.0
transitive-bullshit/chatgpt-api,https://github.com/transitive-bullshit/chatgpt-api,13555,126,0,848,1.0,218.0,Typescript,Tipada,3.889908256880734,157.0,8.0,16.761944444444445,1.0
rrweb-io/rrweb,https://github.com/rrweb-io/rrweb,13549,99,35,1146,54.0,483.0,Typescript,Tipada,2.372670807453416,3374.0,205.0,363.61041666666665,89.0
transitive-bullshit/chatgpt-api,https://github.com/transitive-bullshit/chatgpt-api,13555,126,0,848,1.0,218.0,Typescript,Tipada,3.889908256880734,157.0,8.0,16.761944444444445,1.0
reduxjs/redux-devtools,https://github.com/reduxjs/redux-devtools,13501,107,11,1205,21.0,874.0,Typescript,Tipada,1.3787185354691076,5173.0,425.0,276.0727777777778,32.0
tldraw/tldraw,https://github.com/tldraw/tldraw,13495,118,9,1762,33.0,644.0,Typescript,Tipada,2.7360248447204967,1332.0,80.0,183.82972222222224,42.0
apollographql/apollo-server,https://github.com/apollographql/apollo-server,13353,531,0,8043,0.0,4862.0,Typescript,Tipada,1.6542575071986836,6387.0,786.0,0.0,0.0
typescript-eslint/typescript-eslint,https://github.com/typescript-eslint/typescript-eslint,13328,515,97,3713,758.0,3415.0,Typescript,Tipada,1.0872620790629577,10480.0,640.0,29.40638888888889,855.0
pmndrs/jotai,https://github.com/pmndrs/jotai,13273,158,0,1181,30.0,866.0,Typescript,Tipada,1.363741339491917,350.0,7.0,107.35041666666666,30.0
signalapp/Signal-Desktop,https://github.com/signalapp/Signal-Desktop,13268,222,520,9199,539.0,1079.0,Typescript,Tipada,8.52548656163114,9889.0,277.0,423.3309722222222,1059.0
schickling/chromeless,https://github.com/schickling/chromeless,13236,46,14,559,13.0,140.0,Typescript,Tipada,3.992857142857143,367.0,30.0,114.1625,27.0
mckaywrigley/chatbot-ui,https://github.com/mckaywrigley/chatbot-ui,13229,88,0,290,0.0,342.0,Typescript,Tipada,0.847953216374269,840.0,59.0,0.0,0.0
chartist-js/chartist,https://github.com/chartist-js/chartist,13183,66,3,962,66.0,279.0,Typescript,Tipada,3.4480286738351253,1104.0,42.0,354.5875,69.0
expo/create-react-native-app,https://github.com/expo/create-react-native-app,13126,70,0,373,21.0,187.0,Typescript,Tipada,1.9946524064171125,115.0,1.0,317.7975,21.0
upscayl/upscayl,https://github.com/upscayl/upscayl,13099,13,20,376,49.0,36.0,Typescript,Tipada,10.444444444444445,394.0,59.0,71.56583333333333,69.0
wong2/chatgpt-google-extension,https://github.com/wong2/chatgpt-google-extension,13014,19,0,223,1.0,68.0,Typescript,Tipada,3.2794117647058822,204.0,7.0,176.98083333333332,1.0
sindresorhus/got,https://github.com/sindresorhus/got,12989,182,12,1479,180.0,669.0,Typescript,Tipada,2.210762331838565,2266.0,184.0,256.18347222222224,192.0
tinymce/tinymce,https://github.com/tinymce/tinymce,12932,234,279,25623,2643.0,2555.0,Typescript,Tipada,10.028571428571428,6861.0,316.0,1403.7852777777775,2922.0
jupyterlab/jupyterlab,https://github.com/jupyterlab/jupyterlab,12891,485,450,25391,1484.0,7056.0,Typescript,Tipada,3.598497732426304,5598.0,376.0,162.45125000000002,1934.0
danilowoz/react-content-loader,https://github.com/danilowoz/react-content-loader,12876,45,0,281,5.0,162.0,Typescript,Tipada,1.7345679012345678,107.0,0.0,316.7211111111111,5.0
